,Cin,Cout,F
L1,0.00087,0.04495,1.5862
L2,0.000052,0.00091,0
