,Cin,Cout,F
L1,0.00204,0.00852,1.5
L2,0.0025,0.0085,1
L3,0,0.0085,0
